seconds_left,margin,opp_bonus,p_win_with_ball
0,-6,none,0.0
0,-6,1-and-1,0.0
0,-6,double,0.0
0,-5,none,0.0
0,-5,1-and-1,0.0
0,-5,double,0.0
0,-4,none,0.0
0,-4,1-and-1,0.0
0,-4,double,0.0
0,-3,none,0.0
0,-3,1-and-1,0.0
0,-3,double,0.0
0,-2,none,0.0
0,-2,1-and-1,0.0
0,-2,double,0.0
0,-1,none,0.0
0,-1,1-and-1,0.0
0,-1,double,0.0
0,0,none,0.5
0,0,1-and-1,0.5
0,0,double,0.5
0,1,none,1.0
0,1,1-and-1,1.0
0,1,double,1.0
0,2,none,1.0
0,2,1-and-1,1.0
0,2,double,1.0
0,3,none,1.0
0,3,1-and-1,1.0
0,3,double,1.0
0,4,none,1.0
0,4,1-and-1,1.0
0,4,double,1.0
0,5,none,1.0
0,5,1-and-1,1.0
0,5,double,1.0
0,6,none,1.0
0,6,1-and-1,1.0
0,6,double,1.0
5,-6,none,0.0003
5,-6,1-and-1,0.0003
5,-6,double,0.0003
5,-5,none,0.0042
5,-5,1-and-1,0.0042
5,-5,double,0.0043
5,-4,none,0.0284
5,-4,1-and-1,0.0285
5,-4,double,0.0298
5,-3,none,0.0716
5,-3,1-and-1,0.0735
5,-3,double,0.0802
5,-2,none,0.2325
5,-2,1-and-1,0.234
5,-2,double,0.2402
5,-1,none,0.3756
5,-1,1-and-1,0.3781
5,-1,double,0.4015
5,0,none,0.5818
5,0,1-and-1,0.5836
5,0,double,0.6037
5,1,none,0.8311
5,1,1-and-1,0.8357
5,1,double,0.8562
5,2,none,0.9132
5,2,1-and-1,0.9167
5,2,double,0.9417
5,3,none,0.986
5,3,1-and-1,0.9868
5,3,double,0.9905
5,4,none,0.9966
5,4,1-and-1,0.997
5,4,double,0.9982
5,5,none,0.9997
5,5,1-and-1,0.9998
5,5,double,0.9999
5,6,none,1.0
5,6,1-and-1,1.0
5,6,double,1.0
10,-6,none,0.0032
10,-6,1-and-1,0.0033
10,-6,double,0.0035
10,-5,none,0.0125
10,-5,1-and-1,0.0129
10,-5,double,0.0137
10,-4,none,0.0507
10,-4,1-and-1,0.0516
10,-4,double,0.0542
10,-3,none,0.1111
10,-3,1-and-1,0.1152
10,-3,double,0.1269
10,-2,none,0.2568
10,-2,1-and-1,0.2608
10,-2,double,0.2725
10,-1,none,0.3885
10,-1,1-and-1,0.3947
10,-1,double,0.4201
10,0,none,0.5772
10,0,1-and-1,0.5819
10,0,double,0.6049
10,1,none,0.7776
10,1,1-and-1,0.7923
10,1,double,0.8171
10,2,none,0.8722
10,2,1-and-1,0.8856
10,2,double,0.9125
10,3,none,0.9553
10,3,1-and-1,0.9611
10,3,double,0.9717
10,4,none,0.9834
10,4,1-and-1,0.9867
10,4,double,0.9923
10,5,none,0.9969
10,5,1-and-1,0.9976
10,5,double,0.9987
10,6,none,0.9995
10,6,1-and-1,0.9996
10,6,double,0.9998
15,-6,none,0.0082
15,-6,1-and-1,0.0085
15,-6,double,0.0091
15,-5,none,0.0247
15,-5,1-and-1,0.0266
15,-5,double,0.0289
15,-4,none,0.0698
15,-4,1-and-1,0.073
15,-4,double,0.0784
15,-3,none,0.1349
15,-3,1-and-1,0.142
15,-3,double,0.1556
15,-2,none,0.2725
15,-2,1-and-1,0.2789
15,-2,double,0.2939
15,-1,none,0.4017
15,-1,1-and-1,0.4109
15,-1,double,0.4379
15,0,none,0.5796
15,0,1-and-1,0.5868
15,0,double,0.6117
15,1,none,0.7591
15,1,1-and-1,0.7807
15,1,double,0.8066
15,2,none,0.854
15,2,1-and-1,0.8742
15,2,double,0.9012
15,3,none,0.9345
15,3,1-and-1,0.9473
15,3,double,0.9601
15,4,none,0.9707
15,4,1-and-1,0.9792
15,4,double,0.9865
15,5,none,0.9907
15,5,1-and-1,0.9938
15,5,double,0.9963
15,6,none,0.9971
15,6,1-and-1,0.9983
15,6,double,0.9991
20,-6,none,0.0149
20,-6,1-and-1,0.016
20,-6,double,0.0173
20,-5,none,0.0363
20,-5,1-and-1,0.0397
20,-5,double,0.0434
20,-4,none,0.0864
20,-4,1-and-1,0.0921
20,-4,double,0.0992
20,-3,none,0.1501
20,-3,1-and-1,0.1597
20,-3,double,0.1743
20,-2,none,0.2815
20,-2,1-and-1,0.2901
20,-2,double,0.3064
20,-1,none,0.405
20,-1,1-and-1,0.4174
20,-1,double,0.4443
20,0,none,0.5713
20,0,1-and-1,0.5797
20,0,double,0.6049
20,1,none,0.7442
20,1,1-and-1,0.7692
20,1,double,0.7948
20,2,none,0.8399
20,2,1-and-1,0.8642
20,2,double,0.89
20,3,none,0.9234
20,3,1-and-1,0.9393
20,3,double,0.9528
20,4,none,0.9618
20,4,1-and-1,0.9735
20,4,double,0.9816
20,5,none,0.9859
20,5,1-and-1,0.991
20,5,double,0.9942
20,6,none,0.9946
20,6,1-and-1,0.997
20,6,double,0.9982
30,-6,none,0.0277
30,-6,1-and-1,0.031
30,-6,double,0.0336
30,-5,none,0.0541
30,-5,1-and-1,0.0605
30,-5,double,0.0658
30,-4,none,0.1075
30,-4,1-and-1,0.1167
30,-4,double,0.1256
30,-3,none,0.1764
30,-3,1-and-1,0.19
30,-3,double,0.2052
30,-2,none,0.2953
30,-2,1-and-1,0.3075
30,-2,double,0.3253
30,-1,none,0.4132
30,-1,1-and-1,0.4312
30,-1,double,0.4579
30,0,none,0.5617
30,0,1-and-1,0.574
30,0,double,0.6
30,1,none,0.7223
30,1,1-and-1,0.7498
30,1,double,0.7747
30,2,none,0.8203
30,2,1-and-1,0.8471
30,2,double,0.8715
30,3,none,0.9019
30,3,1-and-1,0.9227
30,3,double,0.9368
30,4,none,0.9462
30,4,1-and-1,0.9623
30,4,double,0.9715
30,5,none,0.9767
30,5,1-and-1,0.9853
30,5,double,0.9894
30,6,none,0.9887
30,6,1-and-1,0.9936
30,6,double,0.9958
45,-6,none,0.0429
45,-6,1-and-1,0.0484
45,-6,double,0.052
45,-5,none,0.0753
45,-5,1-and-1,0.0841
45,-5,double,0.091
45,-4,none,0.1331
45,-4,1-and-1,0.1453
45,-4,double,0.1555
45,-3,none,0.204
45,-3,1-and-1,0.2201
45,-3,double,0.2355
45,-2,none,0.3119
45,-2,1-and-1,0.3291
45,-2,double,0.3484
45,-1,none,0.4264
45,-1,1-and-1,0.4491
45,-1,double,0.4745
45,0,none,0.5598
45,0,1-and-1,0.58
45,0,double,0.6067
45,1,none,0.7054
45,1,1-and-1,0.7324
45,1,double,0.7562
45,2,none,0.7939
45,2,1-and-1,0.8194
45,2,double,0.8424
45,3,none,0.8809
45,3,1-and-1,0.9032
45,3,double,0.9178
45,4,none,0.9268
45,4,1-and-1,0.9451
45,4,double,0.9557
45,5,none,0.9626
45,5,1-and-1,0.9741
45,5,double,0.9798
45,6,none,0.9795
45,6,1-and-1,0.987
45,6,double,0.9904
60,-6,none,0.0569
60,-6,1-and-1,0.064
60,-6,double,0.0686
60,-5,none,0.0924
60,-5,1-and-1,0.103
60,-5,double,0.1109
60,-4,none,0.1518
60,-4,1-and-1,0.166
60,-4,double,0.1768
60,-3,none,0.221
60,-3,1-and-1,0.2395
60,-3,double,0.2559
60,-2,none,0.3287
60,-2,1-and-1,0.3502
60,-2,double,0.3694
60,-1,none,0.4336
60,-1,1-and-1,0.46
60,-1,double,0.485
60,0,none,0.5576
60,0,1-and-1,0.5829
60,0,double,0.6089
60,1,none,0.6864
60,1,1-and-1,0.715
60,1,double,0.7379
60,2,none,0.7723
60,2,1-and-1,0.7986
60,2,double,0.8205
60,3,none,0.8626
60,3,1-and-1,0.8857
60,3,double,0.9005
60,4,none,0.9104
60,4,1-and-1,0.9295
60,4,double,0.9409
60,5,none,0.95
60,5,1-and-1,0.9632
60,5,double,0.9698
60,6,none,0.9715
60,6,1-and-1,0.9806
60,6,double,0.9847
